Sr No.,Robot ID,Topic,Temperature,Latitude,Longitude
1569,id40,gps_data,22.3027,23.4169,132.325,
1570,id40,gps_data,21.6897,57.1506,-57.7621,
1571,id40,gps_data,27.4858,13.6824,-132.869,
1572,id40,gps_data,23.217,-21.07,12.2898,
1573,id40,gps_data,28.4776,-15.4885,-61.5725,
1574,id40,gps_data,23.958,-61.3765,-149.303,
1575,id40,gps_data,27.577,62.641,160.035,
1576,id40,gps_data,28.6516,6.1352,-178.837,
1577,id40,gps_data,22.6566,20.1545,-131.386,
1578,id40,gps_data,27.0974,-78.8577,-124.876,
1579,id40,gps_data,25.0602,-80.7648,-147.454,
1580,id40,gps_data,26.1787,-79.1838,74.716,
1581,id40,gps_data,20.8115,-11.3805,134.24,
1582,id40,gps_data,23.8159,-33.1187,18.7595,
1583,id40,gps_data,28.6486,-23.2,33.8509,
1584,id40,gps_data,24.49,85.4226,30.6681,
1585,id40,gps_data,22.4805,74.5081,-26.9904,
1586,id40,gps_data,27.8637,22.3894,-138.683,
1587,id40,gps_data,25.5198,51.496,-150.715,
1588,id40,gps_data,23.3091,64.2427,-75.5269,
1589,id40,gps_data,24.5111,13.5069,-119.536,
1590,id40,gps_data,25.6845,-67.5564,-36.4215,
1591,id40,gps_data,28.2085,-34.2975,24.9693,
1592,id40,gps_data,24.6815,15.4274,158.036,
1593,id40,gps_data,27.1266,23.3097,9.02743,
1594,id40,gps_data,29.4844,-43.1041,-39.0273,
1595,id40,gps_data,29.2496,-45.6195,-96.9995,
1596,id40,gps_data,23.5726,-20.5972,-164.787,
1597,id40,gps_data,27.0194,74.3311,167.773,
1598,id40,gps_data,28.5589,-42.526,60.2651,
1599,id40,gps_data,26.0406,-76.4453,156.05,
1600,id40,gps_data,29.9314,16.1629,77.492,
1601,id40,gps_data,25.342,-52.1526,-154.049,
1602,id40,gps_data,23.5137,-39.2047,-5.86871,
1603,id40,gps_data,28.279,24.0868,-5.45989,
1604,id40,gps_data,23.94,3.65294,-15.8197,
1605,id40,gps_data,20.1672,-79.9301,106.66,
1606,id40,gps_data,23.9347,-38.9083,-74.4923,
1607,id40,gps_data,20.3115,-40.1015,154.825,
1608,id40,gps_data,28.7513,61.5196,-144.897,
1609,id40,gps_data,28.4425,24.6398,148.71,
1610,id40,gps_data,25.4113,66.0591,70.9702,
1611,id40,gps_data,28.1766,40.9867,140.13,
1612,id40,gps_data,26.1727,-27.5376,147.425,
1613,id40,gps_data,23.5359,27.0106,-11.4834,
1614,id40,gps_data,23.3351,-74.7778,-50.9907,
1615,id40,gps_data,29.0595,-27.0678,-56.676,
1616,id40,gps_data,23.0679,16.3367,87.0069,
1617,id40,gps_data,27.9466,-27.1396,-168.136,
1618,id40,gps_data,28.8593,-8.16608,2.2854,
1619,id40,gps_data,29.8987,85.3416,-80.4912,
1620,id40,gps_data,26.7508,46.9431,-13.8458,
1621,id40,gps_data,23.0361,-3.72199,-31.9753,
1622,id40,gps_data,20.4739,-18.1145,-134.044,
1623,id40,gps_data,29.7892,89.2726,-165.904,
1624,id40,gps_data,20.6385,73.7076,-169.337,
1625,id40,gps_data,21.7065,-39.8595,8.31541,
1626,id40,gps_data,29.2346,66.617,71.1339,
1627,id40,gps_data,25.1365,32.9704,170.25,
1628,id40,gps_data,21.8661,13.7476,1.98629,
1629,id40,gps_data,20.9109,-55.7398,95.2824,
1630,id40,gps_data,25.0964,62.4622,10.2764,
1631,id40,gps_data,21.3631,-5.09976,38.491,
1632,id40,gps_data,29.6619,-32.4767,92.9782,
1633,id40,gps_data,23.5973,51.6562,-177.287,
1634,id40,gps_data,22.2222,-30.8641,-116.023,
1635,id40,gps_data,20.5105,-12.9524,172.054,
1636,id40,gps_data,20.2315,-87.7888,16.6679,
1637,id40,gps_data,27.2165,-86.174,5.91877,
1638,id40,gps_data,28.2001,79.2306,-73.9582,
1639,id40,gps_data,28.4999,-49.1567,176.918,
1640,id40,gps_data,25.3698,87.7632,-167.944,
1641,id40,gps_data,24.665,6.52709,1.19749,
1642,id40,gps_data,20.0006,13.4619,153.519,
1643,id40,gps_data,25.6673,-51.9994,-68.3052,
1644,id40,gps_data,20.4919,7.61549,60.2471,
1645,id40,gps_data,23.8662,14.4037,17.2881,
1646,id40,gps_data,22.0124,45.8871,131.151,
1647,id40,gps_data,25.0378,-40.8697,-179.629,
1648,id40,gps_data,24.0422,58.6928,167.253,
1649,id40,gps_data,23.0265,66.9297,3.06821,
1650,id40,gps_data,20.2174,24.2129,6.29985,
1651,id40,gps_data,20.0621,-9.95455,25.2462,
1652,id40,gps_data,26.7599,-50.6442,18.0294,
1653,id40,gps_data,21.3811,39.4633,-53.2948,
1654,id40,gps_data,27.9451,-63.2667,129.703,
1655,id40,gps_data,23.9925,23.999,-156.331,
1656,id40,gps_data,27.4075,-87.1293,-56.9007,
1657,id40,gps_data,27.1866,35.6835,-9.83956,
1658,id40,gps_data,21.8628,60.0365,-96.3447,
1659,id40,gps_data,28.0211,-52.9682,-72.8811,
1660,id40,gps_data,22.6819,14.0532,-131.809,
1661,id40,gps_data,29.7028,-71.793,-14.931,
1662,id40,gps_data,24.2628,-5.03457,117.726,
1663,id40,gps_data,20.0974,86.1367,19.1491,
1664,id40,gps_data,27.1845,-63.4527,148.378,
1665,id40,gps_data,25.8384,-78.5361,-31.4693,
1666,id40,gps_data,21.6959,15.9036,121.698,
1667,id40,gps_data,27.2848,-87.4448,-67.0097,
1668,id40,gps_data,20.9428,34.965,-23.7552,
1669,id40,gps_data,21.2704,56.1996,55.0081,
1670,id40,gps_data,28.7842,-13.1121,7.34044,
1671,id40,gps_data,25.0521,-65.6226,-65.5397,
1672,id40,gps_data,20.0542,37.7365,-117.913,
1673,id40,gps_data,29.388,88.7333,-118.888,
1674,id40,gps_data,23.704,88.5371,-43.0851,
1675,id40,gps_data,24.987,-68.8519,-34.5159,
1676,id40,gps_data,25.5487,-15.2409,-27.8843,
1677,id40,gps_data,23.0219,-26.382,-174.676,
1678,id40,gps_data,28.9864,-89.1818,-153.516,
1679,id40,gps_data,28.6864,87.3788,88.0043,
1680,id40,gps_data,27.4273,-65.8159,-100.894,
1681,id40,gps_data,23.6291,-41.4491,-70.4625,
1682,id40,gps_data,29.5823,19.7803,-94.3108,
1683,id40,gps_data,22.5658,-65.1304,107.512,
1684,id40,gps_data,26.4414,-49.6512,-60.9469,
1685,id40,gps_data,29.2086,-32.6715,-140.929,
1686,id40,gps_data,20.5175,-53.1729,-31.9171,
1687,id40,gps_data,24.2251,61.3442,-10.2455,
1688,id40,gps_data,29.1868,3.72291,-129.434,
1689,id40,gps_data,26.098,4.01793,121.195,
1690,id40,gps_data,21.2329,13.2386,139.37,
1691,id40,gps_data,21.8233,63.0261,22.7203,
1692,id40,gps_data,29.5721,-41.8345,-11.259,
1693,id40,gps_data,27.5072,-57.605,-149.177,
1694,id40,gps_data,20.3769,-48.7596,50.6165,
1695,id40,gps_data,23.5618,83.1851,107.966,
1696,id40,gps_data,29.9608,-89.0975,-49.755,
1697,id40,gps_data,21.9689,48.7983,78.0422,
1698,id40,gps_data,29.4366,-81.0999,-157.17,
1699,id40,gps_data,26.5415,-85.9181,124.72,
1700,id40,gps_data,22.9983,65.2127,89.8317,
1701,id40,gps_data,21.0803,-81.8428,-93.5683,
1702,id40,gps_data,21.913,34.4763,-176.577,
1703,id40,gps_data,22.6327,-4.82572,-21.0124,
1704,id40,gps_data,26.4617,2.73707,88.3553,
1705,id40,gps_data,22.8403,-35.5975,-149.576,
1706,id40,gps_data,20.6489,-35.1482,33.3265,
1707,id40,gps_data,22.416,15.55,81.9349,
1708,id40,gps_data,24.762,-48.0959,-144.439,
1709,id40,gps_data,21.5702,69.3614,-28.3004,
1710,id40,gps_data,20.4488,-88.727,115.735,
1711,id40,gps_data,22.6968,45.017,-48.4189,
1712,id40,gps_data,25.4484,68.8358,-86.0527,
1713,id40,gps_data,22.2198,-26.2482,131.39,
1714,id40,gps_data,20.9826,24.1814,177.732,
1715,id40,gps_data,27.9852,13.8307,128.532,
1716,id40,gps_data,20.945,-38.3914,-52.9909,
1717,id40,gps_data,22.6151,-4.01807,127.337,
1718,id40,gps_data,27.3862,4.22891,-83.3597,
1719,id40,gps_data,27.0724,-0.441001,115.784,
1720,id40,gps_data,20.1009,57.2205,-125.225,
1721,id40,gps_data,20.3528,4.83987,-158.246,
1722,id40,gps_data,26.053,-57.6106,-25.0269,
1723,id40,gps_data,20.6173,-16.6156,18.8187,
1724,id40,gps_data,22.9834,-14.044,33.6993,
1725,id40,gps_data,23.3669,-56.7407,-29.8775,
1726,id40,gps_data,29.1421,-35.2792,-9.21966,
1727,id40,gps_data,23.1739,45.7138,31.9703,
1728,id40,gps_data,23.8992,7.51588,154.382,
1729,id40,gps_data,29.0718,3.49138,169.096,
1730,id40,gps_data,20.5302,38.1575,-109.378,
1731,id40,gps_data,24.0141,16.9784,-4.43585,
1732,id40,gps_data,24.9896,-6.67338,-85.83,
1733,id40,gps_data,28.2203,-63.56,128.957,
1734,id40,gps_data,28.6294,13.6281,-88.4966,
1735,id40,gps_data,22.9236,-66.2674,-75.9539,
1736,id40,gps_data,28.1738,46.7695,-177.809,
1737,id40,gps_data,25.9334,-57.3412,133.134,
1738,id40,gps_data,29.5804,64.1289,169.043,
1739,id40,gps_data,23.5833,-4.79903,113.251,
1740,id40,gps_data,29.4752,29.2563,124.822,
1741,id40,gps_data,23.906,27.8137,35.1937,
1742,id40,gps_data,26.5588,61.9191,-137.097,
1743,id40,gps_data,26.3048,48.0218,20.8806,
1744,id40,gps_data,26.8345,-9.64199,-82.2079,
1745,id40,gps_data,23.8405,18.4742,-116.921,
1746,id40,gps_data,26.2903,-48.3533,-14.4639,
1747,id40,gps_data,22.8911,-72.0121,161.203,
1748,id40,gps_data,24.439,34.5103,5.45307,
1749,id40,gps_data,25.3936,48.1609,97.6907,
1750,id40,gps_data,27.7149,-3.35957,-77.6038,
1751,id40,gps_data,23.844,20.6127,-51.9183,
1752,id40,gps_data,23.6545,56.3201,138.09,
1753,id40,gps_data,24.4552,60.2846,105.654,
1754,id40,gps_data,26.2345,9.96219,134.086,
1755,id40,gps_data,22.7713,-24.5279,2.1357,
1756,id40,gps_data,23.8867,-72.7816,43.5253,
1757,id40,gps_data,27.4276,61.1328,-43.0875,
1758,id40,gps_data,21.1128,62.2394,-123.131,
1759,id40,gps_data,22.1446,8.9354,-12.0833,
1760,id40,gps_data,21.3946,-13.5402,139.01,
1761,id40,gps_data,23.5884,43.8211,-23.9528,
1762,id40,gps_data,24.1201,-63.9877,107.723,
1763,id40,gps_data,24.1562,-9.86735,135.755,
1764,id40,gps_data,20.0231,35.5871,-145.436,
1765,id40,gps_data,27.4091,-1.92304,79.2098,
1766,id40,gps_data,27.802,0.183963,-98.8255,
1767,id40,gps_data,20.3995,-62.5148,-113.121,
1768,id40,gps_data,23.0903,62.7527,-86.3215,
1769,id40,gps_data,21.2232,48.2371,-159.899,
1770,id40,gps_data,22.3606,44.5093,-138.563,
1771,id40,gps_data,27.0368,-14.3298,-154.028,
1772,id40,gps_data,23.2654,45.9431,68.3695,
1773,id40,gps_data,22.2747,-58.8274,30.7632,
1774,id40,gps_data,25.5698,-81.28,111.077,
1775,id40,gps_data,27.9478,-19.1419,42.7672,
1776,id40,gps_data,20.0865,23.3996,-42.7083,
1777,id40,gps_data,29.7397,47.3862,-59.7098,
1778,id40,gps_data,27.0891,30.2099,11.9107,
1779,id40,gps_data,29.9665,-5.26398,26.1885,
1780,id40,gps_data,22.4919,41.47,-62.51,
1781,id40,gps_data,29.8623,-4.61294,31.531,
1782,id40,gps_data,22.8967,-34.0636,-93.5632,
1783,id40,gps_data,27.784,-15.6736,99.3711,
1784,id40,gps_data,29.8268,63.5613,-119.452,
1785,id40,gps_data,26.2911,-45.6203,126.864,
1786,id40,gps_data,24.3152,-54.2347,-0.822653,
1787,id40,gps_data,27.11,-78.7167,35.7868,
1788,id40,gps_data,20.4469,-68.9621,110.319,
1789,id40,gps_data,25.8713,-38.4594,-72.6239,
1790,id40,gps_data,29.2367,-81.6424,-151.458,
1791,id40,gps_data,23.8442,-62.9427,-60.7258,
1792,id40,gps_data,21.0438,13.7468,-159.919,
1793,id40,gps_data,23.228,-67.2846,44.084,
1794,id40,gps_data,26.6531,33.9144,-97.8202,
1795,id40,gps_data,27.3046,2.77481,78.9149,
1796,id40,gps_data,24.8708,45.4919,178.85,
1797,id40,gps_data,28.9519,-24.4937,-117.247,
1798,id40,gps_data,21.9404,-72.2287,140.145,
1799,id40,gps_data,24.8413,15.6368,50.567,
1800,id40,gps_data,22.7944,-64.4923,89.2514,
1801,id40,gps_data,23.0208,-9.59964,-176.247,
1802,id40,gps_data,29.718,-80.9218,13.7092,
1803,id40,gps_data,24.17,-82.2944,156.843,
1804,id40,gps_data,24.6444,-53.637,6.80928,
1805,id40,gps_data,24.1779,-87.6471,-141.813,
1806,id40,gps_data,25.9593,-64.3871,-143.833,
1807,id40,gps_data,21.3583,56.5662,142.739,
1808,id40,gps_data,25.3258,-3.55316,-151.352,
1809,id40,gps_data,25.3807,39.2895,148.408,
1810,id40,gps_data,29.0163,-2.38867,-119.109,
1811,id40,gps_data,27.1056,22.2425,-152.164,
1812,id40,gps_data,20.5214,-53.0066,53.7041,
1813,id40,gps_data,23.661,34.1566,10.8077,
1814,id40,gps_data,25.2867,-41.7422,-63.695,
1815,id40,gps_data,29.9998,-33.8112,-6.02393,
1816,id40,gps_data,20.7907,-72.2365,54.6744,
1817,id40,gps_data,23.4798,47.3276,-44.3683,
1818,id40,gps_data,29.2921,-76.9903,-145.603,
1819,id40,gps_data,25.8063,31.0522,178.542,
1820,id40,gps_data,25.7921,31.4905,60.566,
1821,id40,gps_data,21.9502,82.7841,-49.86,
1822,id40,gps_data,21.4504,-17.2537,-78.5831,
1823,id40,gps_data,24.7807,-49.7603,164.601,
1824,id40,gps_data,29.5826,32.8971,-91.9441,
1825,id40,gps_data,22.8232,-6.79209,-125.102,
1826,id40,gps_data,26.5611,31.1795,-40.1419,
1827,id40,gps_data,20.1588,-29.9553,-93.9988,
1828,id40,gps_data,25.4488,87.5321,104.563,
1829,id40,gps_data,21.2038,65.4573,-138.901,
1830,id40,gps_data,27.0554,68.8932,111.087,
1831,id40,gps_data,20.6973,-43.3098,-96.2395,
1832,id40,gps_data,24.8166,51.1486,44.0947,
1833,id40,gps_data,24.9665,-87.4909,-18.7663,
1834,id40,gps_data,20.4591,23.5417,-143.085,
1835,id40,gps_data,26.4517,-46.0998,71.0559,
1836,id40,gps_data,21.1255,70.2163,-160.564,
1837,id40,gps_data,28.906,-84.9547,-165.602,
1838,id40,gps_data,24.0446,17.753,129.484,
1839,id40,gps_data,29.6723,40.1467,111.613,
1840,id40,gps_data,25.8002,61.288,143.127,
1841,id40,gps_data,26.097,31.6132,30.8908,
1842,id40,gps_data,23.7956,-12.5459,-3.4205,
1843,id40,gps_data,28.7333,-71.9298,169.544,
1844,id40,gps_data,29.3036,50.7363,88.0029,
1845,id40,gps_data,29.0403,-55.3825,-21.0051,
1846,id40,gps_data,25.4156,42.5982,-68.016,
1847,id40,gps_data,26.9794,41.2804,-179.067,
1848,id40,gps_data,27.8784,42.5706,-86.5024,
1849,id40,gps_data,26.7837,-77.2268,-134.726,
1850,id40,gps_data,29.2973,-58.3168,-157.921,
1851,id40,gps_data,24.3761,-7.92751,94.2796,
1852,id40,gps_data,24.3291,-23.378,-170.034,
1853,id40,gps_data,28.8056,9.09754,-155.984,
1854,id40,gps_data,21.0748,-32.0471,-71.6048,
1855,id40,gps_data,22.1752,-71.5886,-88.2848,
1856,id40,gps_data,28.1135,29.1313,27.6689,
1857,id40,gps_data,21.3887,41.4575,-52.9729,
1858,id40,gps_data,27.473,-31.6003,-42.7756,
1859,id40,gps_data,27.7017,-26.3803,-160.533,
1860,id40,gps_data,20.8146,66.8962,-31.7828,
1861,id40,gps_data,24.71,0.913357,-163.636,
1862,id40,gps_data,23.5551,-22.574,138.193,
1863,id40,gps_data,24.6044,-68.6712,-145.165,
1864,id40,gps_data,22.5443,-59.0032,-56.513,
1865,id40,gps_data,29.922,32.0354,-13.7898,
1866,id40,gps_data,25.7094,-21.9811,-29.1305,
1867,id40,gps_data,23.9565,38.6398,144.201,
1868,id40,gps_data,24.7019,14.3657,91.4226,
1869,id40,gps_data,23.9014,-39.5022,100.116,
1870,id40,gps_data,24.1405,-63.8548,-137.811,
1871,id40,gps_data,24.0752,86.191,-95.6597,
1872,id40,gps_data,21.7549,34.0298,-175.682,
1873,id40,gps_data,24.7285,39.099,122.175,
1874,id40,gps_data,20.2515,32.3132,129.763,
1875,id40,gps_data,25.0622,56.493,-1.26649,
1876,id40,gps_data,26.159,-73.419,-128.611,
1877,id40,gps_data,27.6878,68.3588,91.1684,
1878,id40,gps_data,29.2699,55.9595,62.7491,
1879,id40,gps_data,20.8763,84.1843,19.2165,
1880,id40,gps_data,29.9752,60.1307,-51.003,
1881,id40,gps_data,25.1608,-71.8973,106.955,
1882,id40,gps_data,20.6783,47.1849,151.706,
1883,id40,gps_data,22.542,52.7521,-118.393,
1884,id40,gps_data,23.1889,-69.9808,18.972,
1885,id40,gps_data,25.2065,-87.2795,-96.3804,
1886,id40,gps_data,27.2344,-46.8185,-118.561,
1887,id40,gps_data,29.4844,-30.171,170.985,
1888,id40,gps_data,29.0406,14.6315,79.4662,
1889,id40,gps_data,21.5354,-20.6155,40.3434,
1890,id40,gps_data,23.5,-5.54546,172.398,
1891,id40,gps_data,24.5809,1.61759,-81.7336,
1892,id40,gps_data,26.5099,12.4181,-165.782,
1893,id40,gps_data,21.7149,26.3617,137.227,
1894,id40,gps_data,20.9534,50.247,-139.311,
1895,id40,gps_data,29.6465,-29.3882,-41.1807,
1896,id40,gps_data,25.4076,-67.169,91.5568,
1897,id40,gps_data,25.7797,43.0678,-176.953,
1898,id40,gps_data,28.834,-18.3038,-105.739,
1899,id40,gps_data,21.4831,-85.1419,9.16652,
1900,id40,gps_data,23.3613,71.2606,-132.842,
1901,id40,gps_data,22.7242,59.4376,170.771,
1902,id40,gps_data,22.9844,-9.11939,42.1993,
1903,id40,gps_data,26.1472,-17.9362,-118.225,
1904,id40,gps_data,28.936,59.102,41.0002,
1905,id40,gps_data,21.7395,8.35436,24.7808,
1906,id40,gps_data,27.5901,-55.3365,21.3705,
1907,id40,gps_data,29.1205,50.3784,41.6578,
1908,id40,gps_data,22.6364,-88.0197,-163.794,
1909,id40,gps_data,28.4137,-25.3712,136.514,
1910,id40,gps_data,27.2703,29.1099,-42.3598,
1911,id40,gps_data,25.8922,78.0625,-56.1387,
1912,id40,gps_data,27.5365,-34.4221,32.575,
1913,id40,gps_data,21.2861,-21.4043,39.2652,
1914,id40,gps_data,22.2097,21.0037,-35.9576,
1915,id40,gps_data,29.5744,61.5001,-29.4399,
1916,id40,gps_data,23.1382,13.8317,35.8102,
1917,id40,gps_data,29.3219,65.7134,-149.618,
1918,id40,gps_data,20.1187,-27.6349,135.235,
1919,id40,gps_data,25.4772,78.8676,-148.88,
1920,id40,gps_data,25.9671,5.27991,-120.213,
1921,id40,gps_data,29.9517,88.6123,141.772,
1922,id40,gps_data,25.537,-13.9847,-47.4039,
1923,id40,gps_data,27.4569,-41.0982,95.9872,
1924,id40,gps_data,26.4352,-35.9268,-124.202,
1925,id40,gps_data,23.1204,13.7011,50.9622,
1926,id40,gps_data,27.7067,9.31193,-37.9257,
1927,id40,gps_data,21.7046,14.0659,138.813,
1928,id40,gps_data,26.4221,8.34763,170.777,
1929,id40,gps_data,23.6719,19.1812,157.245,
1930,id40,gps_data,28.7252,-55.906,-52.5547,
1931,id40,gps_data,27.8311,18.5674,142.289,
1932,id40,gps_data,23.3053,37.3069,-25.8689,
1933,id40,gps_data,28.0057,-19.8917,161.919,
1934,id40,gps_data,20.7344,15.4732,116.624,
1935,id40,gps_data,26.5643,66.6195,-46.0673,
1936,id40,gps_data,20.9959,74.3355,42.0062,
1937,id40,gps_data,28.0897,-36.133,-167.138,
1938,id40,gps_data,25.5156,-28.9548,178.449,
1939,id40,gps_data,25.1946,-81.0431,125.428,
1940,id40,gps_data,27.5885,-8.91635,176.527,
1941,id40,gps_data,25.4808,-24.6917,59.8452,
1942,id40,gps_data,23.743,-55.0447,-171.661,
1943,id40,gps_data,26.0107,-5.22888,-9.16758,
1944,id40,gps_data,24.9636,86.9831,113.435,
1945,id40,gps_data,25.807,-15.7057,-25.49,
1946,id40,gps_data,25.6027,-48.3507,99.9638,
1947,id40,gps_data,20.4125,80.3512,141.19,
1948,id40,gps_data,26.5869,14.6683,-1.76875,
1949,id40,gps_data,24.5957,-83.8577,167.707,
1950,id40,gps_data,27.6109,68.8032,171.844,
1951,id40,gps_data,25.7192,-42.1691,63.078,
1952,id40,gps_data,21.557,47.9302,-98.4804,
1953,id40,gps_data,21.9217,-69.6216,160.834,
1954,id40,gps_data,26.5787,-6.52888,122.933,
1955,id40,gps_data,24.2307,-83.9674,37.9237,
1956,id40,gps_data,29.548,-52.5535,119.697,
1957,id40,gps_data,26.1797,33.3478,57.3111,
1958,id40,gps_data,23.5505,19.5345,-67.9585,
1959,id40,gps_data,25.9857,-66.1156,-64.8262,
1960,id40,gps_data,26.5088,-51.7934,127.018,
1961,id40,gps_data,21.7384,-16.0364,-153.148,
1962,id40,gps_data,23.7598,-55.2447,170.254,
1963,id40,gps_data,25.8649,-53.4177,86.7781,
1964,id40,gps_data,23.0791,-66.6336,-138.694,
1965,id40,gps_data,22.6618,84.4911,99.7912,
1966,id40,gps_data,25.5027,27.1513,137.312,
1967,id40,gps_data,22.8336,76.2019,54.9385,
1968,id40,gps_data,26.2483,48.8524,161.32,
1969,id40,gps_data,21.6001,-74.5039,63.3559,
1970,id40,gps_data,29.4941,-26.945,-119.368,
1971,id40,gps_data,29.1093,61.9545,-176.759,
1972,id40,gps_data,23.7206,1.31485,-159.762,
1973,id40,gps_data,29.588,-28.2175,-128.994,
1974,id40,gps_data,25.4463,83.0266,-4.62776,
1975,id40,gps_data,24.3376,-75.4261,11.2611,
1976,id40,gps_data,26.6982,-5.69087,143.092,
1977,id40,gps_data,28.3095,31.933,-12.1747,
1978,id40,gps_data,27.5587,-73.8388,-173.963,
1979,id40,gps_data,22.2703,48.2248,-51.2463,
1980,id40,gps_data,22.7053,-65.5351,69.6246,
1981,id40,gps_data,20.8253,-45.9521,108.437,
1982,id40,gps_data,24.3527,-84.6107,125.501,
1983,id40,gps_data,21.0292,80.8886,47.1719,
1984,id40,gps_data,21.0809,51.311,71.1742,
1985,id40,gps_data,23.8978,34.5027,-105.655,
1986,id40,gps_data,29.0256,44.7075,-133.135,
1987,id40,gps_data,28.2777,-22.2162,147.452,
1988,id40,gps_data,21.2769,71.0274,-119.12,
1989,id40,gps_data,22.9813,-8.1279,-67.6744,
1990,id40,gps_data,27.4642,-50.4107,-81.3787,
1991,id40,gps_data,27.1113,-59.4271,-86.7172,
1992,id40,gps_data,26.7536,-68.9799,-115.369,
1993,id40,gps_data,20.1018,-48.4737,132.844,
1994,id40,gps_data,26.6589,-39.0859,-146.264,
1995,id40,gps_data,26.3092,85.0667,123.729,
1996,id40,gps_data,23.129,71.3385,-139.543,
1997,id40,gps_data,27.9909,59.8432,16.5703,
1998,id40,gps_data,27.5128,-83.9155,124.126,
1999,id40,gps_data,21.318,39.1227,-163.551,
2000,id40,gps_data,22.4146,-87.8016,-56.0104,
2001,id40,gps_data,28.1155,2.87822,-149.672,
2002,id40,gps_data,20.6745,84.0735,130.102,
2003,id40,gps_data,28.656,89.6317,98.4602,
2004,id40,gps_data,29.5165,59.7498,-0.482455,
2005,id40,gps_data,20.5872,-25.3029,-120.317,
2006,id40,gps_data,23.0729,-9.38421,140.196,
2007,id40,gps_data,29.9767,-30.593,-13.2612,
2008,id40,gps_data,26.3041,-0.68523,-173.018,
2009,id40,gps_data,26.3048,43.1254,172.588,
2010,id40,gps_data,26.5536,20.7981,-85.2969,
2011,id40,gps_data,24.6812,30.965,175.027,
2012,id40,gps_data,25.5464,-89.0271,48.7921,
2013,id40,gps_data,23.0549,-28.1203,77.4857,
2014,id40,gps_data,21.0935,52.8566,39.9962,
2015,id40,gps_data,29.0347,-49.2723,164.214,
2016,id40,gps_data,24.6489,-48.1232,-21.5786,
2017,id40,gps_data,28.0799,-2.92058,92.4216,
2018,id40,gps_data,28.9802,61.6665,125.55,
2019,id40,gps_data,28.1666,-19.4161,3.46742,
2020,id40,gps_data,21.6988,79.6901,8.29849,
2021,id40,gps_data,22.4992,71.7608,-145.38,
2022,id40,gps_data,22.5489,20.9468,-76.913,
2023,id40,gps_data,23.6046,-63.9998,-166.657,
2024,id40,gps_data,23.1907,-3.57647,87.4889,
2025,id40,gps_data,21.2788,35.5076,-101.892,
2026,id40,gps_data,25.6765,86.9141,69.1013,
2027,id40,gps_data,24.4173,70.4583,32.1975,
2028,id40,gps_data,24.5891,-8.55819,39.2667,
2029,id40,gps_data,28.3862,-20.5729,35.2654,
2030,id40,gps_data,24.4263,-34.3904,-151.3,
2031,id40,gps_data,21.2973,4.0216,122.415,
2032,id40,gps_data,29.4408,-1.88528,114.709,
2033,id40,gps_data,21.8961,15.9455,12.7772,
2034,id40,gps_data,28.8754,-34.7447,-75.8465,
2035,id40,gps_data,27.8744,-30.5354,137.845,
2036,id40,gps_data,25.6259,-0.900873,0.494545,
2037,id40,gps_data,24.7755,60.2004,-78.215,
2038,id40,gps_data,20.0072,-15.2051,-163.321,
2039,id40,gps_data,24.2537,48.6605,-31.3618,
2040,id40,gps_data,23.6585,-9.57771,122.973,
2041,id40,gps_data,29.2572,78.7895,-152.936,
2042,id40,gps_data,24.2179,-86.8248,-52.0605,
2043,id40,gps_data,20.9811,44.3411,15.9302,
2044,id40,gps_data,24.936,7.31707,-144.362,
2045,id40,gps_data,23.1679,-83.9259,79.3447,
2046,id40,gps_data,27.0935,-37.3642,57.3813,
2047,id40,gps_data,27.3258,-2.04024,-102.562,
2048,id40,gps_data,23.8577,62.5564,-175.372,
2049,id40,gps_data,23.2629,-81.5052,9.99001,
2050,id40,gps_data,27.7185,7.85988,44.9694,
2051,id40,gps_data,29.0751,-46.2416,-53.8892,
2052,id40,gps_data,25.0986,-18.8181,93.1428,
2053,id40,gps_data,21.8695,14.6815,-57.7844,
2054,id40,gps_data,21.9105,79.1968,-95.6584,
2055,id40,gps_data,22.109,-67.1546,-33.007,
2056,id40,gps_data,26.8974,11.5513,-131.249,
2057,id40,gps_data,29.986,14.4689,-70.054,
2058,id40,gps_data,27.9121,1.8006,88.0004,
2059,id40,gps_data,23.1248,69.4575,20.806,
2060,id40,gps_data,28.7012,0.598339,-141.405,
2061,id40,gps_data,28.3901,1.47306,131.332,
2062,id40,gps_data,20.9281,23.1123,-93.7397,
2063,id40,gps_data,26.026,-52.779,138.639,
2064,id40,gps_data,25.8555,-63.8305,51.2865,
2065,id40,gps_data,27.925,56.0152,-41.3108,
2066,id40,gps_data,24.091,-63.3855,6.64142,
2067,id40,gps_data,23.0913,-55.2973,-146.14,
2068,id40,gps_data,23.2552,-12.7425,-50.5423,
2069,id40,gps_data,29.2596,-26.672,-144.332,
2070,id40,gps_data,27.8955,42.7019,30.4431,
2071,id40,gps_data,27.5266,-65.343,140.214,
2072,id40,gps_data,27.9376,-87.9818,-56.1644,
2073,id40,gps_data,24.0916,-8.14689,150.509,
2074,id40,gps_data,21.449,13.0333,35.9106,
2075,id40,gps_data,25.0112,-34.271,-48.5644,
2076,id40,gps_data,25.0953,-40.7026,-40.6356,
2077,id40,gps_data,22.7163,-33.2479,-25.7125,
2078,id40,gps_data,20.8346,76.8312,-106.904,
2079,id40,gps_data,28.7054,-0.760453,-14.498,
2080,id40,gps_data,28.3888,-45.8353,106.987,
2081,id40,gps_data,29.8786,-66.864,100.968,
2082,id40,gps_data,23.5661,67.2704,60.4741,
2083,id40,gps_data,26.6374,40.3916,163.945,
2084,id40,gps_data,25.9935,-40.7537,36.3538,
2085,id40,gps_data,29.1732,67.6176,108.243,
2086,id40,gps_data,26.6452,-33.2065,-167.146,
2087,id40,gps_data,24.2701,77.5804,-121.434,
2088,id40,gps_data,26.4772,50.4989,-179.132,
2089,id40,gps_data,28.7575,-61.8323,167.169,
2090,id40,gps_data,22.6991,57.4627,-129.305,
2091,id40,gps_data,22.523,-12.361,-123.266,
2092,id40,gps_data,20.4218,69.6237,33.6701,
2093,id40,gps_data,21.1959,-37.0831,35.1431,
2094,id40,gps_data,28.886,76.015,-120.07,
2095,id40,gps_data,26.2825,-7.07137,-9.50977,
2096,id10,gps_data,28.4314,-83.9153,35.2843,
2097,id10,gps_data,21.7053,-81.5497,66.9485,
2098,id10,gps_data,24.0087,-63.1914,-130.924,
2099,id10,gps_data,29.4926,-26.4017,165.191,
2100,id10,gps_data,21.1249,30.3077,31.2903,
2101,id10,gps_data,28.9193,-78.8975,58.1659,
2102,id10,gps_data,21.0501,-72.1054,-94.5906,
2103,id10,gps_data,23.8998,-16.0206,84.0142,
2104,id20,gps_data,20.547,-20.13,97.6695,
2105,id20,gps_data,20.4312,-10.8366,116.855,
2106,id20,gps_data,25.2801,-5.18784,148.912,
2107,id20,gps_data,24.7455,-38.0836,139.396,
2108,id20,gps_data,24.1309,-52.9694,-15.308,
2109,id20,gps_data,28.1306,9.00366,-75.421,
2110,id20,gps_data,28.5026,-28.1487,-39.708,
2111,id20,gps_data,25.4186,74.5999,-145.434,
2112,id20,gps_data,22.4519,78.3339,7.5909,
